{"cameraMode":{"drawMode":0,"name":"Shaded","section":"Shading Mode"},"sceneLighting":true,"audioPlay":false,"sceneViewState":{"m_AlwaysRefresh":false,"showFog":true,"showSkybox":true,"showFlares":true,"showImageEffects":true,"showParticleSystems":true,"showVisualEffectGraphs":true,"m_FxEnabled":true},"in2DMode":false,"pivot":{"x":1.959172248840332,"y":12.352615356445313,"z":116.37493896484375},"rotation":{"x":0.06923690438270569,"y":0.020946715027093889,"z":-0.0014100493863224984,"w":0.9973557591438294},"size":77.21150207519531,"orthographic":false}